,Predicted Value,Actual_value
0,22214.0,28500.0
1,8962.0,8900.0
2,5930.0,4999.0
3,15024.0,13900.0
4,13391.0,17900.0
5,26964.0,24800.0
6,25811.0,25000.0
7,2235.0,3150.0
8,23639.0,29000.0
9,14466.0,13900.0
10,4710.0,4400.0
11,15207.0,17800.0
12,3477.0,3800.0
13,9369.0,4000.0
14,6941.0,5500.0
15,18749.0,20477.54
16,6872.0,13500.0
17,5977.0,7500.0
18,25343.0,22800.0
19,28935.0,28900.0
20,2285.0,2650.0
21,4943.0,7300.0
22,9597.0,9350.0
23,10386.0,6750.0
24,14143.0,12500.0
25,12547.0,10999.0
26,12728.0,10999.0
27,30964.0,24000.0
28,5361.0,7800.0
29,9640.0,8350.0
30,8813.0,14900.0
31,15611.0,14800.0
32,15482.0,15900.0
33,5071.0,5000.0
34,17031.0,18500.0
35,17605.0,32000.0
36,8242.0,9200.0
37,1671.0,1499.0
38,7050.0,9300.0
39,4677.0,6999.0
40,6275.0,4100.0
41,18478.0,17500.0
42,12136.0,12900.0
43,2248.0,4800.0
44,29247.0,24500.0
45,10918.0,9900.0
46,11169.0,4950.0
47,12122.0,15000.0
48,5650.0,3799.0
49,4979.0,6950.0
50,2912.0,4600.0
51,3419.0,4950.0
52,4059.0,5000.0
53,6186.0,7777.0
54,5244.0,2500.0
55,25314.0,24000.0
56,15194.0,14999.0
57,25469.0,29500.0
58,4270.0,5900.0
59,11325.0,10500.0
60,9284.0,9700.0
61,10639.0,10900.0
62,6877.0,6999.0
63,5139.0,5000.0
64,5041.0,6700.0
65,22664.0,17300.0
66,37084.0,42000.0
67,5650.0,3799.0
68,10004.0,8800.0
69,20366.0,17500.0
70,32864.0,29602.95
71,8598.0,9800.0
72,14197.0,10700.0
73,16280.0,14500.0
74,6735.0,2990.0
75,9750.0,10500.0
76,5374.0,5000.0
77,8553.0,6800.0
78,5171.0,6900.0
79,9068.0,9000.0
80,9583.0,11000.0
81,21097.0,18400.0
82,9163.0,12500.0
83,5037.0,7450.0
84,4101.0,6900.0
85,10617.0,12900.0
86,7454.0,8500.0
87,34421.0,39500.0
88,3468.0,4600.0
89,1968.0,1950.0
90,16617.0,15800.0
91,3998.0,4000.0
92,33413.0,41900.0
93,25980.0,22500.0
94,3389.0,3600.0
95,13133.0,10499.0
96,9516.0,7700.0
97,9683.0,8500.0
98,31102.0,33500.0
99,19187.0,17000.0
100,23657.0,23500.0
101,5980.0,8000.0
102,14491.0,11500.0
103,25462.0,25800.0
104,-250.0,2400.0
105,19695.0,22900.0
106,12091.0,10777.0
107,10464.0,11500.0
108,8224.0,8400.0
109,24171.0,28000.0
110,7663.0,9300.0
111,30316.0,35800.0
112,8596.0,7150.0
113,12050.0,11300.0
114,16946.0,17500.0
115,3396.0,1600.0
116,19220.0,17800.0
117,3389.0,7000.0
118,6244.0,8300.0
119,3354.0,3400.0
120,27941.0,31000.0
121,23349.0,27000.0
122,4725.0,2700.0
123,6172.0,8100.0
124,9962.0,8700.0
125,14095.0,10900.0
126,4786.0,6950.0
127,7251.0,8700.0
128,15255.0,10888.0
129,27808.0,30900.0
130,25552.0,21000.0
131,4307.0,2600.0
132,4254.0,6000.0
133,4727.0,4500.0
134,1376.0,4100.0
135,8390.0,9700.0
136,4414.0,5000.0
137,5638.0,7000.0
138,-247.0,1450.0
139,6103.0,8200.0
140,9862.0,7500.0
141,2652.0,1450.0
142,10634.0,12500.0
143,16544.0,14500.0
144,32882.0,28900.0
145,3373.0,5100.0
146,16268.0,13300.0
147,41324.0,36500.0
148,35213.0,28800.0
149,6678.0,6500.0
150,7125.0,4999.0
151,5681.0,5500.0
152,28562.0,36000.0
153,7082.0,3900.0
154,10594.0,8499.0
155,17984.0,18900.0
156,12754.0,11700.0
157,22177.0,25555.0
158,18665.0,16999.0
159,3649.0,3500.0
160,6834.0,4999.0
161,34774.0,35500.0
162,13130.0,24000.0
163,5748.0,5400.0
164,3418.0,3550.0
165,15978.0,4200.0
166,32876.0,35500.0
167,14688.0,12800.0
168,16939.0,14800.0
169,10459.0,10999.0
170,8771.0,9000.0
171,15708.0,15500.0
172,6255.0,7500.0
173,7665.0,10000.0
174,33616.0,34000.0
175,8489.0,6800.0
176,8978.0,7200.0
177,16976.0,18100.0
178,7064.0,7650.0
179,2792.0,4400.0
180,14435.0,13900.0
181,71.0,2600.0
182,35021.0,28500.0
183,3861.0,4999.0
184,20200.0,18400.0
185,8340.0,10999.0
186,32836.0,39999.0
187,5460.0,5800.0
188,9420.0,12350.0
189,24107.0,23333.0
190,17618.0,15700.0
191,11169.0,10500.0
192,8427.0,8990.0
193,28453.0,23400.0
194,4941.0,7999.0
195,1253.0,3500.0
196,13320.0,13500.0
197,16545.0,18000.0
198,22145.0,20500.0
199,11343.0,11700.0
200,11295.0,12300.0
201,5659.0,4500.0
202,8520.0,8500.0
203,21436.0,18300.0
204,5496.0,9750.0
205,11424.0,10000.0
206,5049.0,5100.0
207,16858.0,23999.0
208,16783.0,13900.0
209,3397.0,4000.0
210,15300.0,10200.0
211,4275.0,4500.0
212,34539.0,32800.0
213,10519.0,7000.0
214,18684.0,19800.0
215,12920.0,11900.0
216,23785.0,22600.0
217,3309.0,4999.0
218,26318.0,31600.0
219,31839.0,34500.0
220,14596.0,9900.0
221,14871.0,12800.0
222,1859.0,2500.0
223,29041.0,35500.0
224,5090.0,3999.0
225,11382.0,15500.0
226,20053.0,17900.0
227,3337.0,4000.0
228,28549.0,24900.0
229,14440.0,12900.0
230,4467.0,4500.0
231,7711.0,8900.0
232,9810.0,7000.0
233,8352.0,8700.0
234,25052.0,31900.0
235,7713.0,7777.0
236,22573.0,22500.0
237,6235.0,9800.0
238,6919.0,7400.0
239,6824.0,4999.0
240,5229.0,6500.0
241,4183.0,4500.0
242,11971.0,11200.0
243,2415.0,4000.0
244,15562.0,15500.0
245,6288.0,2700.0
246,1225.0,3500.0
247,9674.0,11500.0
248,9755.0,6200.0
249,16613.0,20200.0
250,9379.0,11800.0
251,11799.0,8950.0
252,1267.0,6799.0
253,7086.0,8200.0
254,16248.0,12999.0
255,27342.0,21500.0
256,25653.0,38600.0
257,9652.0,7999.0
258,5580.0,3300.0
259,8716.0,9200.0
260,16128.0,13200.0
261,20687.0,16500.0
262,26930.0,23500.0
263,30535.0,35999.0
264,31044.0,38365.0
265,19933.0,10493.0
266,11810.0,9500.0
267,4949.0,6000.0
268,4127.0,6900.0
269,37234.0,43500.0
270,14069.0,10800.0
271,4568.0,4999.0
272,1984.0,2550.0
273,9862.0,8700.0
274,24732.0,21200.0
275,16908.0,15500.0
276,28595.0,37000.0
277,8347.0,6800.0
278,37234.0,43500.0
279,19676.0,13000.0
280,28808.0,29500.0
281,24830.0,22500.0
282,18783.0,16900.0
283,7178.0,7200.0
284,13257.0,24193.65
285,2538.0,1850.0
286,11401.0,11600.0
287,9611.0,9800.0
288,1641.0,2500.0
289,3295.0,3650.0
290,10240.0,11500.0
291,292.0,2700.0
292,10792.0,4800.0
293,2803.0,2350.0
294,8243.0,8500.0
295,5341.0,6500.0
296,11493.0,10600.0
297,16952.0,14500.0
298,27247.0,22999.0
299,8791.0,6500.0
300,9219.0,13900.0
301,28855.0,36000.0
302,3615.0,4400.0
303,3557.0,4500.0
304,7680.0,6600.0
305,43212.0,43719.0
306,9633.0,9000.0
307,9076.0,15000.0
308,897.0,2999.0
309,12830.0,13300.0
310,4578.0,5700.0
311,15557.0,12200.0
312,5330.0,5700.0
313,27941.0,27500.0
314,-12.0,2200.0
315,4530.0,7000.0
316,12332.0,9800.0
317,13532.0,14300.0
318,3015.0,2299.0
319,20478.0,17500.0
320,5008.0,3900.0
321,7187.0,9999.0
322,8549.0,8600.0
323,32403.0,37500.0
324,1888.0,2900.0
325,23027.0,30000.0
326,8224.0,7900.0
327,25498.0,28000.0
328,6724.0,7300.0
329,19538.0,25500.0
330,4837.0,6800.0
331,12481.0,7999.0
332,23315.0,24500.0
333,14858.0,15200.0
334,10325.0,11500.0
335,24783.0,23500.0
336,13088.0,15000.0
337,14918.0,14900.0
338,6112.0,6300.0
339,14699.0,15000.0
340,1556.0,2500.0
341,9287.0,8300.0
342,18577.0,19300.0
343,6531.0,4500.0
344,17844.0,14300.0
345,11929.0,11550.0
346,16848.0,18200.0
347,20719.0,18800.0
348,25260.0,22800.0
349,9911.0,8900.0
350,1231.0,3500.0
351,2302.0,3300.0
352,11367.0,12900.0
353,12423.0,10900.0
354,13878.0,8650.0
355,19934.0,19500.0
356,9272.0,8299.0
357,10301.0,8300.0
358,7772.0,7170.0
359,17171.0,14600.0
360,8594.0,9400.0
361,9312.0,9300.0
362,5219.0,7600.0
363,26849.0,26200.0
364,22085.0,20500.0
365,31555.0,32500.0
366,24324.0,21800.0
367,9661.0,11500.0
368,7132.0,6557.85
369,30344.0,33200.0
370,8408.0,3650.0
371,14875.0,19999.0
372,10529.0,12999.0
373,13887.0,7950.0
374,12595.0,28000.0
375,14534.0,15300.0
376,10114.0,8400.0
377,12450.0,11500.0
378,23317.0,18950.0
379,8954.0,9300.0
380,12909.0,8350.0
381,17586.0,19000.0
382,19504.0,15200.0
383,9354.0,7900.0
384,7742.0,4200.0
385,7451.0,6300.0
386,6219.0,8000.0
387,7951.0,6450.0
388,4349.0,5999.0
389,7182.0,8999.0
390,12219.0,10799.0
391,27000.0,24900.0
392,15718.0,11700.0
393,9702.0,10700.0
394,18089.0,19900.0
395,6890.0,7400.0
396,6152.0,3250.0
397,3321.0,2400.0
398,21022.0,18700.0
399,15699.0,11500.0
400,8196.0,8000.0
401,4617.0,2000.0
402,10273.0,7500.0
403,5526.0,4100.0
404,8288.0,12800.0
405,9073.0,8000.0
406,4779.0,4700.0
407,26820.0,29000.0
408,9551.0,8900.0
409,7440.0,8300.0
410,5309.0,5000.0
411,4315.0,6300.0
412,11431.0,8000.0
413,6977.0,2800.0
414,10753.0,7000.0
415,12753.0,10499.0
416,3972.0,4300.0
417,12422.0,10900.0
418,20302.0,20000.0
419,24689.0,24800.0
420,1434.0,2000.0
421,13467.0,12800.0
422,4085.0,7000.0
423,11544.0,11990.0
424,19731.0,16999.0
425,12652.0,11300.0
426,13117.0,8999.0
427,7056.0,10000.0
428,3948.0,3100.0
429,8615.0,6300.0
430,11831.0,14500.0
431,8280.0,5500.0
432,16498.0,10500.0
433,15565.0,13900.0
434,13561.0,11403.99
435,9080.0,8500.0
436,3708.0,4600.0
437,3569.0,1500.0
438,10891.0,10600.0
439,8642.0,7400.0
440,15834.0,11900.0
441,12008.0,9900.0
442,26395.0,24800.0
443,7653.0,7300.0
444,10435.0,12000.0
445,18755.0,12900.0
446,4537.0,7100.0
447,9409.0,13000.0
448,7185.0,8500.0
449,8525.0,8500.0
450,3037.0,3800.0
451,5416.0,8400.0
452,14225.0,13699.0
453,23381.0,18900.0
454,16408.0,16200.0
455,30382.0,29999.0
456,17744.0,19999.0
457,5825.0,7650.0
458,11615.0,12500.0
459,15815.0,18500.0
460,20838.0,18700.0
461,40882.0,43000.0
462,13734.0,12900.0
463,4724.0,6555.0
464,8690.0,7400.0
465,11798.0,12900.0
466,29423.0,24100.0
467,16435.0,22800.0
468,12171.0,14400.0
469,5319.0,5100.0
470,20449.0,18990.0
471,8552.0,6700.0
472,8406.0,9700.0
473,8703.0,11500.0
474,14224.0,11900.0
475,6408.0,1750.0
476,19466.0,18900.0
477,3515.0,4650.0
478,19191.0,18700.0
479,29056.0,4100.0
480,4156.0,4000.0
481,4882.0,6900.0
482,4502.0,5700.0
483,6541.0,7900.0
484,17178.0,20900.0
485,9551.0,9900.0
486,20373.0,17900.0
487,17087.0,23000.0
488,8283.0,9950.0
489,2528.0,2550.0
490,12296.0,12300.0
491,3428.0,2850.0
492,8836.0,9200.0
493,11673.0,13300.0
494,8288.0,8000.0
495,13599.0,12300.0
496,21216.0,14999.0
497,2572.0,5300.0
498,5499.0,2300.0
499,7297.0,6500.0
500,8640.0,7800.0
501,802.0,3600.0
502,28226.0,35500.0
503,28814.0,37500.0
504,3916.0,3499.0
505,13205.0,9700.0
506,4208.0,5000.0
507,5244.0,6400.0
508,7345.0,7600.0
509,9007.0,9200.0
510,2936.0,3700.0
511,4106.0,1700.0
512,35893.0,42500.0
513,5305.0,1300.0
514,11329.0,7600.0
515,5043.0,7800.0
516,1458.0,1500.0
517,7324.0,6300.0
518,8761.0,9200.0
519,5149.0,2300.0
520,2289.0,1550.0
521,3428.0,3200.0
522,15583.0,14500.0
523,15531.0,11000.0
524,11810.0,12999.0
525,10948.0,999.0
526,1842.0,2400.0
527,2300.0,2500.0
528,29118.0,36000.0
529,9046.0,9400.0
530,5148.0,4100.0
531,5041.0,7900.0
532,12852.0,8420.0
533,24244.0,16800.0
534,3873.0,6800.0
535,5000.0,4100.0
536,6366.0,8200.0
537,10176.0,8350.0
538,23514.0,20300.0
539,7921.0,9500.0
540,19215.0,18950.0
541,19908.0,21500.0
542,20845.0,31500.0
543,21173.0,22200.0
544,16490.0,13999.0
545,13440.0,13995.0
546,2688.0,4150.0
547,23304.0,24500.0
548,15020.0,13500.0
549,12657.0,11900.0
550,853.0,1900.0
551,12115.0,12800.0
552,6823.0,7000.0
553,17492.0,13900.0
554,6928.0,7700.0
555,8384.0,9200.0
556,9958.0,6700.0
557,14159.0,17700.0
558,9205.0,7800.0
559,-1472.0,5500.0
560,15347.0,15000.0
561,9399.0,9800.0
562,2605.0,4800.0
563,3681.0,4500.0
564,14033.0,8500.0
565,577.0,6500.0
566,19407.0,16000.0
567,3316.0,2750.0
568,2347.0,3800.0
569,35549.0,42500.0
570,14809.0,16300.0
571,24326.0,20800.0
572,19339.0,19400.0
573,26359.0,27300.0
574,13774.0,15300.0
575,4375.0,4600.0
576,9157.0,8500.0
577,8453.0,10200.0
578,2024.0,2200.0
579,4499.0,4300.0
580,7154.0,4900.0
581,10350.0,12300.0
582,34943.0,36800.0
583,19408.0,20500.0
584,8374.0,7600.0
585,16574.0,12500.0
586,13424.0,9000.0
587,9546.0,7100.0
588,13731.0,12650.0
589,5385.0,8500.0
590,33291.0,37700.0
591,2399.0,5900.0
592,36125.0,41500.0
593,18474.0,21600.0
594,8958.0,9200.0
595,5933.0,4400.0
596,15370.0,19500.0
597,6872.0,8200.0
598,8707.0,8900.0
599,621.0,1650.0
600,16001.0,18999.0
601,7659.0,7000.0
602,4985.0,12300.0
603,7058.0,4700.0
604,14169.0,11115.0
605,26440.0,27700.0
606,10928.0,12000.0
607,36068.0,39500.0
608,8318.0,9999.0
609,3734.0,3999.0
610,17337.0,14700.0
611,9169.0,6800.0
612,8328.0,10500.0
613,23687.0,26600.0
614,20235.0,15200.0
615,916.0,2050.0
616,9891.0,9200.0
617,13233.0,15900.0
618,8766.0,7500.0
619,15173.0,13000.0
620,11457.0,9000.0
621,5822.0,8000.0
622,12288.0,15000.0
623,7006.0,5600.0
624,35668.0,36500.0
625,9965.0,1100.0
626,3937.0,3300.0
627,32859.0,31500.0
628,11231.0,9800.0
629,7308.0,9450.0
630,9771.0,7500.0
631,26342.0,24000.0
632,9022.0,11900.0
633,15761.0,15200.0
634,18833.0,18932.55
635,11030.0,9000.0
636,16239.0,12999.0
637,9542.0,6800.0
638,2709.0,3750.0
639,8023.0,8100.0
640,11023.0,7999.0
641,25811.0,28500.0
642,9729.0,10500.0
643,6497.0,10900.0
644,8481.0,8800.0
645,16104.0,17200.0
646,12720.0,10000.0
647,10046.0,9555.0
648,28149.0,23900.0
649,11651.0,12100.0
650,30412.0,35000.0
651,23597.0,21900.0
652,23699.0,29500.0
653,12295.0,11900.0
654,19283.0,23000.0
655,14596.0,11500.0
656,36407.0,40000.0
657,12870.0,11800.0
658,12030.0,8999.0
659,2496.0,4100.0
660,7937.0,7700.0
661,10807.0,11900.0
662,8172.0,7500.0
663,4611.0,5200.0
664,17770.0,18000.0
665,20794.0,21500.0
666,4888.0,5800.0
667,7180.0,8800.0
668,14443.0,10000.0
669,7458.0,8300.0
670,3629.0,5200.0
671,6348.0,2400.0
672,8425.0,10900.0
673,8092.0,8650.0
674,7387.0,6700.0
675,796.0,3500.0
676,17337.0,11999.0
677,16523.0,14200.0
678,4435.0,5200.0
679,6460.0,6800.0
680,10973.0,9600.0
681,3677.0,3700.0
682,16624.0,15500.0
683,4743.0,3300.0
684,6413.0,4900.0
685,18231.0,12950.0
686,16237.0,14800.0
687,16870.0,15800.0
688,4904.0,5500.0
689,16340.0,16800.0
690,1485.0,3650.0
691,4694.0,6399.0
692,34202.0,34900.0
693,15082.0,11300.0
694,22469.0,20200.0
695,7705.0,7000.0
696,24467.0,24500.0
697,13169.0,12799.0
698,27681.0,28500.0
699,15162.0,11800.0
700,1740.0,2450.0
701,27843.0,30990.0
702,5937.0,8300.0
703,6668.0,3099.0
704,20192.0,13995.0
705,5866.0,3100.0
706,4022.0,7400.0
707,5441.0,6000.0
708,5270.0,1900.0
709,22573.0,20100.0
710,18013.0,11900.0
711,3167.0,4350.0
712,11671.0,10400.0
713,14621.0,10200.0
714,7965.0,8300.0
715,7955.0,11500.0
716,11867.0,13500.0
717,14161.0,21500.0
718,9912.0,7900.0
719,11695.0,5850.0
720,23088.0,20500.0
721,18273.0,17500.0
722,10711.0,9500.0
723,7561.0,7500.0
724,27216.0,22900.0
725,20444.0,12450.0
726,1295.0,1852.5
727,1745.0,3100.0
728,32505.0,35900.0
729,20044.0,21000.0
730,7231.0,7990.0
731,13270.0,12900.0
732,11156.0,9500.0
733,7985.0,14000.0
734,16185.0,17555.0
735,16066.0,16500.0
736,7546.0,8200.0
737,29459.0,30500.0
738,7934.0,9500.0
739,19443.0,12500.0
740,10573.0,8500.0
741,16808.0,11707.8
742,16546.0,14500.0
743,1659.0,6500.0
744,16323.0,14499.0
745,4807.0,6500.0
746,8770.0,9150.0
747,-519.0,1350.0
748,2328.0,1950.0
749,16673.0,19900.0
750,10689.0,9300.0
751,2947.0,4850.0
752,6420.0,7600.0
753,22057.0,18900.0
754,19792.0,18000.0
755,2238.0,1600.0
756,1943.0,2750.0
757,13432.0,14900.0
758,393.0,2899.0
759,23742.0,30000.0
760,17213.0,12900.0
761,15166.0,8499.0
762,25524.0,30500.0
763,26357.0,23900.0
764,29127.0,34500.0
765,28007.0,27500.0
766,5046.0,7200.0
767,9562.0,12300.0
768,9684.0,8200.0
769,18515.0,20000.0
770,4643.0,4200.0
771,17450.0,15900.0
772,1991.0,2550.0
773,22638.0,22600.0
774,35973.0,38233.0
775,5602.0,6500.0
776,9373.0,8200.0
777,16013.0,8200.0
778,24822.0,25200.0
779,11960.0,11900.0
780,20379.0,20300.0
781,3276.0,2000.0
782,7006.0,6700.0
783,4905.0,5900.0
784,16192.0,40000.0
785,6366.0,7400.0
786,797.0,2100.0
787,10230.0,9500.0
788,25682.0,22000.0
789,11131.0,9999.0
790,16178.0,15400.0
791,16845.0,14200.0
792,10160.0,11300.0
793,8802.0,8500.0
794,14423.0,17777.0
795,12068.0,10000.0
796,7207.0,7800.0
797,9749.0,8400.0
798,9510.0,10000.0
799,18624.0,4000.0
800,39735.0,42900.0
801,35498.0,44600.0
802,38283.0,35500.0
803,17341.0,14100.0
804,1410.0,3500.0
805,13867.0,13700.0
806,11815.0,11500.0
807,27536.0,25500.0
808,2492.0,2199.0
809,4067.0,3700.0
810,14975.0,14500.0
811,9133.0,8950.0
812,10639.0,4800.0
813,1805.0,2300.0
814,8607.0,7200.0
815,3879.0,4099.0
816,9384.0,10500.0
817,9569.0,7900.0
818,21673.0,17900.0
819,26589.0,27300.0
820,27975.0,28800.0
821,7890.0,5699.0
822,15053.0,16900.0
823,14862.0,18700.0
824,18796.0,13900.0
825,9875.0,10500.0
826,17915.0,9000.0
827,10767.0,9650.0
828,16209.0,16800.0
829,22464.0,15000.0
830,10316.0,10250.0
831,9719.0,12900.0
832,8426.0,8200.0
833,10216.0,12800.0
834,14945.0,10150.0
835,3340.0,2400.0
836,2757.0,2700.0
837,16037.0,18700.0
838,10367.0,9200.0
839,24229.0,21000.0
840,20339.0,17500.0
841,16065.0,15300.0
842,22677.0,16672.5
843,7005.0,7800.0
844,6974.0,6900.0
845,3452.0,1950.0
846,24297.0,24000.0
847,5277.0,7500.0
848,9298.0,6000.0
849,7813.0,7600.0
850,20911.0,11200.0
851,21730.0,18000.0
852,1925.0,1500.0
853,11420.0,8500.0
854,31890.0,35500.0
855,7351.0,7200.0
856,6629.0,3200.0
857,20356.0,19500.0
858,5707.0,7400.0
859,17853.0,15000.0
860,4005.0,2700.0
861,12124.0,13000.0
862,21923.0,17900.0
863,331.0,4650.0
864,4818.0,6500.0
865,2683.0,3800.0
866,10162.0,10200.0
867,8658.0,7700.0
868,13545.0,9658.94
869,12780.0,11500.0
870,8138.0,9300.0
871,7461.0,5990.0
872,7035.0,8700.0
873,13519.0,14999.0
874,11290.0,10800.0
875,12323.0,9950.0
876,29536.0,30999.0
877,9434.0,6500.0
878,3039.0,4500.0
879,3464.0,3950.0
880,9636.0,7100.0
881,13632.0,11500.0
882,12593.0,8900.0
883,25602.0,30500.0
884,3925.0,5400.0
885,3453.0,6200.0
886,9139.0,6100.0
887,26497.0,30900.0
888,37667.0,25000.0
889,18431.0,15800.0
890,15605.0,13100.0
891,3608.0,3500.0
892,8239.0,8400.0
893,32368.0,38500.0
894,26850.0,45000.0
895,8311.0,8800.0
896,4851.0,7500.0
897,3736.0,5000.0
898,21998.0,14300.0
899,3130.0,6500.0
900,3556.0,6900.0
901,12092.0,9900.0
902,7982.0,7500.0
903,13210.0,13700.0
904,25221.0,28500.0
905,11664.0,12000.0
906,7583.0,7300.0
907,8548.0,7200.0
908,32191.0,35500.0
909,9111.0,4500.0
910,15467.0,9850.0
911,29897.0,38200.0
912,13862.0,12800.0
913,4975.0,1800.0
914,6861.0,2800.0
915,10052.0,11200.0
916,8232.0,9000.0
917,9212.0,9250.0
918,15842.0,14600.0
919,4771.0,3990.0
920,7887.0,8800.0
921,2784.0,3000.0
922,7555.0,5300.0
923,24932.0,29900.0
924,12957.0,10700.0
925,13333.0,13700.0
926,5090.0,3200.0
927,23021.0,24500.0
928,2456.0,4000.0
929,10611.0,8550.0
930,11435.0,9300.0
931,16520.0,12200.0
932,23559.0,24300.0
933,8891.0,8900.0
934,5790.0,7900.0
935,15375.0,13950.0
936,5477.0,11990.0
937,7478.0,10999.0
938,8317.0,8700.0
939,37648.0,42500.0
940,25662.0,24300.0
941,28451.0,30000.0
942,13395.0,14400.0
943,17268.0,9400.0
944,7858.0,6400.0
945,19069.0,17800.0
946,17618.0,6500.0
947,3841.0,4500.0
948,29325.0,25342.2
949,14178.0,17200.0
950,32936.0,28700.0
951,19512.0,19500.0
952,22738.0,25500.0
953,19483.0,20000.0
954,7869.0,8400.0
955,20562.0,23800.0
956,14656.0,9000.0
957,18730.0,13700.0
958,4157.0,1500.0
959,3028.0,2500.0
960,30025.0,38000.0
961,7189.0,7400.0
962,24043.0,24900.0
963,18573.0,18300.0
964,22256.0,29600.0
965,9347.0,8000.0
966,16686.0,10000.0
967,34046.0,40500.0
968,8925.0,6000.0
969,27000.0,23999.0
970,24786.0,23000.0
971,10303.0,10300.0
972,43626.0,44800.0
973,12183.0,16000.0
974,23278.0,20800.0
975,4758.0,6500.0
976,3338.0,2350.0
977,8591.0,8900.0
978,8567.0,11900.0
979,5951.0,6400.0
980,14034.0,14200.0
981,7696.0,8500.0
982,8556.0,7200.0
983,19344.0,18999.0
984,20929.0,18000.0
985,6004.0,6950.0
986,2339.0,3099.0
987,19634.0,39000.0
988,12677.0,11900.0
989,9873.0,11400.0
990,10160.0,9600.0
991,17081.0,12900.0
992,8350.0,8650.0
993,21466.0,20900.0
994,12650.0,9999.0
995,4322.0,4150.0
996,14500.0,12000.0
997,24364.0,23999.0
998,9551.0,7800.0
999,10209.0,8100.0
1000,12111.0,10800.0
1001,34664.0,35555.0
1002,24976.0,23000.0
1003,15141.0,22500.0
1004,29938.0,32500.0
1005,12515.0,12900.0
1006,12705.0,16500.0
1007,12198.0,10500.0
1008,17747.0,11400.0
1009,14787.0,16300.0
1010,13492.0,12000.0
1011,13269.0,11300.0
1012,26679.0,31500.0
1013,22179.0,19800.0
1014,10660.0,7500.0
1015,6795.0,6500.0
1016,8083.0,8000.0
1017,16302.0,16000.0
1018,24486.0,26200.0
1019,7659.0,8300.0
1020,5213.0,2250.0
1021,18785.0,14900.0
1022,4375.0,6000.0
1023,7554.0,7400.0
1024,5226.0,6900.0
1025,9220.0,12200.0
1026,15041.0,17000.0
1027,23577.0,17800.0
1028,2588.0,4000.0
1029,12012.0,8000.0
1030,11191.0,12300.0
1031,13240.0,10000.0
1032,23371.0,21950.0
1033,4863.0,6999.0
1034,11630.0,9000.0
1035,7160.0,9999.0
1036,11608.0,12179.0
1037,8444.0,15000.0
1038,14513.0,12999.0
1039,13799.0,12999.0
1040,31103.0,45000.0
1041,12031.0,9999.0
1042,12019.0,12700.0
1043,22562.0,19500.0
1044,15246.0,16450.0
1045,19361.0,13600.0
1046,38786.0,37500.0
1047,12607.0,12600.0
1048,9257.0,9800.0
1049,2012.0,1400.0
1050,17763.0,19000.0
1051,17389.0,19600.0
1052,31287.0,28700.0
1053,26468.0,26850.0
1054,3041.0,3500.0
1055,26543.0,29500.0
1056,6365.0,7700.0
1057,2500.0,6100.0
1058,10278.0,6000.0
1059,4062.0,3200.0
1060,25758.0,17000.0
1061,7250.0,7300.0
1062,7747.0,8700.0
1063,9235.0,6950.0
1064,4914.0,3450.0
1065,3845.0,3900.0
1066,33786.0,34900.0
1067,15477.0,11950.0
1068,8341.0,9500.0
1069,25756.0,24950.0
1070,12023.0,9999.0
1071,26609.0,30900.0
1072,25625.0,28000.0
1073,30472.0,29000.0
1074,5076.0,7500.0
1075,7792.0,5150.0
1076,25730.0,12800.0
1077,22738.0,13900.0
1078,29814.0,33900.0
1079,6688.0,4200.0
1080,24125.0,25200.0
1081,11820.0,13700.0
1082,17356.0,19500.0
1083,16842.0,13900.0
1084,9534.0,8200.0
1085,8578.0,5950.0
1086,25627.0,25500.0
1087,29378.0,34000.0
1088,9275.0,10600.0
1089,8713.0,8400.0
1090,23732.0,24842.03
1091,35266.0,43000.0
1092,16099.0,14000.0
1093,7893.0,6250.0
1094,28456.0,33000.0
1095,31764.0,26800.0
1096,4216.0,1199.0
1097,9395.0,9150.0
1098,12763.0,12000.0
1099,28035.0,35500.0
1100,5047.0,2850.0
1101,13476.0,11700.0
1102,10560.0,10200.0
1103,17696.0,20900.0
1104,817.0,2499.0
1105,25066.0,22500.0
1106,8548.0,6700.0
1107,16152.0,21000.0
1108,6261.0,6500.0
1109,17680.0,13708.5
1110,5255.0,3750.0
1111,5871.0,7200.0
1112,6442.0,6900.0
1113,4269.0,5300.0
1114,7638.0,8600.0
1115,15292.0,15000.0
1116,12031.0,9500.0
1117,11852.0,9300.0
1118,5611.0,6200.0
1119,17544.0,17800.0
1120,14045.0,13000.0
1121,11314.0,10900.0
1122,14164.0,8100.0
1123,9603.0,9900.0
1124,10768.0,9000.0
1125,18829.0,16700.0
1126,13665.0,16000.0
1127,23317.0,19200.0
1128,13321.0,13000.0
1129,7051.0,7900.0
1130,16447.0,8800.0
1131,19649.0,16800.0
1132,9609.0,13000.0
1133,12894.0,14500.0
1134,7177.0,7000.0
1135,8357.0,6500.0
1136,13616.0,10900.0
1137,30952.0,40990.0
1138,5329.0,5300.0
1139,32794.0,30600.0
1140,25167.0,26900.0
1141,22467.0,27000.0
1142,999.0,2450.0
1143,31793.0,36900.0
1144,13039.0,13300.0
1145,6751.0,8500.0
1146,14141.0,15700.0
1147,22852.0,22000.0
1148,22048.0,19800.0
1149,14495.0,8950.0
1150,8479.0,9500.0
1151,12869.0,13500.0
1152,9574.0,8500.0
1153,2463.0,1700.0
1154,15281.0,16900.0
1155,6731.0,6800.0
1156,5276.0,5900.0
1157,14970.0,20000.0
1158,40069.0,43999.0
1159,21311.0,20900.0
1160,11932.0,13700.0
1161,27155.0,29000.0
1162,9569.0,10200.0
1163,2922.0,3900.0
1164,25787.0,22711.65
1165,14408.0,3500.0
1166,12870.0,13900.0
1167,3845.0,1350.0
1168,26201.0,32500.0
1169,21772.0,15900.0
1170,3134.0,1699.0
1171,9923.0,10600.0
1172,3426.0,2200.0
1173,31053.0,36000.0
1174,14033.0,10400.0
1175,22627.0,19700.0
1176,17532.0,16800.0
1177,8926.0,11000.0
1178,19996.0,16555.0
1179,5722.0,7300.0
1180,5982.0,6800.0
1181,1441.0,2600.0
1182,5999.0,5700.0
1183,16393.0,14899.0
1184,20190.0,15000.0
1185,17620.0,15600.0
1186,13808.0,11500.0
1187,15201.0,20500.0
1188,8513.0,10500.0
1189,24352.0,21335.0
1190,14672.0,14000.0
1191,18431.0,18999.0
1192,8091.0,9000.0
1193,18251.0,17900.0
1194,17909.0,13899.0
1195,10770.0,10999.0
1196,12769.0,9900.0
1197,3302.0,3900.0
1198,3675.0,8000.0
1199,12421.0,8800.0
1200,5691.0,4600.0
1201,17960.0,17900.0
1202,5597.0,7700.0
1203,1734.0,4299.0
1204,7754.0,7250.0
1205,11956.0,13950.0
1206,5827.0,7000.0
1207,7024.0,6999.0
1208,14883.0,10750.0
1209,21154.0,21000.0
1210,20280.0,14900.0
1211,12548.0,12000.0
1212,13174.0,12500.0
1213,9930.0,12600.0
1214,28456.0,28900.0
1215,18560.0,17000.0
1216,24040.0,21999.0
1217,5298.0,5600.0
1218,11790.0,10700.0
1219,5229.0,5999.0
1220,20975.0,21550.0
1221,9151.0,8700.0
1222,4515.0,4900.0
1223,11588.0,12300.0
1224,18245.0,14200.0
1225,13448.0,11999.0
1226,2697.0,2650.0
1227,12979.0,13900.0
1228,11169.0,10800.0
1229,13897.0,19100.0
1230,34094.0,39900.0
1231,11531.0,7600.0
1232,4719.0,3700.0
1233,10458.0,8300.0
1234,6495.0,7200.0
1235,5213.0,8300.0
1236,5774.0,5400.0
1237,21853.0,24500.0
1238,12872.0,12400.0
1239,3976.0,1750.0
1240,11826.0,14500.0
1241,4858.0,3600.0
1242,24607.0,19900.0
1243,4642.0,2500.0
1244,7826.0,7900.0
1245,15788.0,12900.0
1246,11527.0,12499.0
1247,9821.0,9850.0
1248,9231.0,6200.0
1249,2147.0,4400.0
1250,16244.0,12800.0
1251,13175.0,12499.0
1252,7724.0,8700.0
1253,1837.0,3500.0
1254,40204.0,37976.25
1255,5948.0,6500.0
1256,4821.0,4000.0
1257,11346.0,10999.0
1258,2300.0,2500.0
1259,28863.0,33500.0
1260,30952.0,40800.0
1261,2316.0,5000.0
1262,5138.0,8200.0
1263,3302.0,3700.0
1264,13976.0,17900.0
1265,13038.0,9200.0
1266,2540.0,2000.0
1267,4781.0,7000.0
1268,13932.0,14500.0
1269,29617.0,35000.0
1270,13351.0,17977.0
1271,10302.0,8200.0
1272,16318.0,16500.0
1273,4069.0,3900.0
1274,6617.0,8800.0
1275,7641.0,2300.0
1276,4533.0,6000.0
1277,35716.0,36700.0
1278,8897.0,10500.0
1279,1984.0,3000.0
1280,8047.0,8900.0
1281,16945.0,17499.0
1282,16855.0,13500.0
1283,11466.0,9800.0
1284,2785.0,3300.0
1285,38086.0,39999.0
1286,20753.0,20500.0
1287,11353.0,8750.0
1288,7293.0,9600.0
1289,12758.0,10999.0
1290,16209.0,18600.0
1291,20379.0,20300.0
1292,13856.0,2400.0
1293,14818.0,15700.0
1294,9988.0,9000.0
1295,5199.0,4299.0
1296,13256.0,16500.0
1297,23898.0,23500.0
1298,4597.0,2300.0
1299,3896.0,3800.0
1300,16744.0,10200.0
1301,8992.0,8900.0
1302,9856.0,7000.0
1303,19689.0,23600.0
1304,26672.0,5500.0
1305,3338.0,5600.0
1306,4723.0,5400.0
1307,16061.0,17300.0
1308,15624.0,14200.0
1309,26056.0,30900.0
1310,20373.0,13200.0
1311,17435.0,17500.0
1312,2431.0,3700.0
1313,10265.0,10800.0
1314,12784.0,10700.0
1315,17755.0,15500.0
1316,15228.0,14900.0
1317,3232.0,4799.0
1318,28903.0,25500.0
1319,26226.0,23700.0
1320,4775.0,4000.0
1321,2324.0,3700.0
1322,23102.0,17800.0
1323,21160.0,20500.0
1324,32259.0,41000.0
1325,36286.0,39000.0
1326,7048.0,8700.0
1327,29221.0,28950.0
1328,18147.0,18000.0
1329,36133.0,39999.0
1330,26865.0,26000.0
1331,20598.0,17500.0
1332,20135.0,17500.0
1333,6852.0,6500.0
1334,3255.0,2200.0
1335,17600.0,18000.0
1336,4815.0,2600.0
1337,8726.0,10700.0
1338,16221.0,14500.0
1339,2593.0,2500.0
1340,7256.0,8700.0
1341,14625.0,10999.0
1342,30626.0,31800.0
1343,12257.0,11800.0
1344,17011.0,18000.0
1345,8624.0,7650.0
1346,12730.0,8300.0
1347,11241.0,10000.0
1348,23892.0,23400.0
1349,24835.0,22600.0
1350,11809.0,9600.0
1351,22263.0,17900.0
1352,14681.0,14490.0
1353,28050.0,37600.0
1354,3348.0,1999.0
1355,28962.0,24171.42
1356,36533.0,41000.0
1357,12427.0,13850.0
1358,18469.0,22000.0
1359,14130.0,10650.0
1360,4091.0,1350.0
1361,4764.0,2200.0
1362,14489.0,9500.0
1363,7217.0,7700.0
1364,7093.0,9200.0
1365,2244.0,2200.0
1366,10322.0,12250.0
1367,32932.0,37900.0
1368,17810.0,14000.0
1369,11263.0,9000.0
1370,24988.0,22000.0
1371,2341.0,1550.0
1372,12612.0,11500.0
1373,33690.0,38888.0
1374,12863.0,13300.0
1375,8429.0,7900.0
1376,5455.0,2600.0
1377,10066.0,10000.0
1378,9552.0,10200.0
1379,13691.0,9600.0
1380,4670.0,5900.0
1381,14882.0,16800.0
1382,9690.0,7900.0
1383,2467.0,1650.0
1384,9292.0,9200.0
1385,9928.0,9300.0
1386,24163.0,13300.95
1387,22875.0,21000.0
1388,5510.0,8700.0
1389,8357.0,9500.0
1390,14870.0,16800.0
1391,16426.0,14300.0
1392,5877.0,8500.0
1393,24669.0,22700.0
1394,22747.0,24000.0
1395,5366.0,6000.0
1396,13990.0,24500.0
1397,10351.0,11300.0
1398,23038.0,22900.0
1399,13033.0,12999.0
1400,4033.0,3550.0
1401,8263.0,9400.0
1402,245.0,2700.0
1403,2878.0,1999.0
1404,10849.0,10100.0
1405,2803.0,8000.0
1406,21266.0,28000.0
1407,3739.0,1850.0
1408,40025.0,39500.0
1409,3635.0,7800.0
1410,13553.0,5000.0
1411,17701.0,16500.0
1412,12972.0,12400.0
1413,13834.0,10299.0
1414,17732.0,16500.0
1415,5351.0,6000.0
1416,22064.0,25300.0
1417,9437.0,9400.0
1418,18509.0,15500.0
1419,3991.0,4950.0
1420,32932.0,37900.0
1421,17361.0,17900.0
1422,16912.0,9000.0
1423,4127.0,3000.0
1424,11771.0,9100.0
1425,8930.0,9000.0
1426,4240.0,4300.0
1427,13053.0,6900.0
1428,26927.0,24000.0
1429,7769.0,8500.0
1430,20801.0,13500.0
1431,24211.0,21700.0
1432,6866.0,4500.0
1433,22503.0,22800.0
1434,20012.0,21000.0
1435,31126.0,37990.0
1436,6059.0,7200.0
1437,5727.0,6100.0
1438,17014.0,17400.0
1439,7736.0,9500.0
1440,2220.0,2800.0
1441,8740.0,12500.0
1442,4424.0,5500.0
1443,11971.0,11700.0
1444,13875.0,15672.15
1445,14951.0,13300.0
1446,3792.0,2990.0
1447,3633.0,6550.0
1448,6627.0,9300.0
1449,7597.0,8000.0
1450,23300.0,23300.0
1451,4556.0,3800.0
1452,12099.0,10800.0
1453,10494.0,10000.0
1454,8492.0,2300.0
1455,4047.0,2600.0
1456,7050.0,30000.0
1457,1549.0,4000.0
1458,10386.0,10000.0
1459,5030.0,5800.0
1460,6546.0,5900.0
1461,20323.0,21000.0
1462,9769.0,9900.0
1463,8105.0,8900.0
1464,37528.0,38900.0
1465,1125.0,2400.0
1466,9299.0,7900.0
1467,6805.0,8700.0
1468,14224.0,13000.0
1469,27626.0,29900.0
1470,10748.0,10399.0
1471,8435.0,8000.0
1472,2177.0,2900.0
1473,7710.0,10200.0
1474,8384.0,6950.0
1475,25976.0,30800.0
1476,15552.0,15500.0
1477,27395.0,23400.0
1478,6551.0,8300.0
1479,10722.0,11777.0
1480,2814.0,3750.0
1481,2288.0,4400.0
1482,20491.0,22900.0
1483,9405.0,8700.0
1484,11376.0,10500.0
1485,1857.0,3000.0
1486,26398.0,29900.0
1487,7048.0,7899.0
1488,8891.0,10400.0
1489,4388.0,2700.0
1490,6455.0,6700.0
1491,1740.0,4600.0
1492,10711.0,9990.0
1493,16630.0,15000.0
1494,5540.0,6350.0
1495,14912.0,12500.0
1496,2322.0,3000.0
1497,12864.0,10850.0
1498,9987.0,12100.0
1499,17284.0,16800.0
1500,13096.0,11300.0
1501,20465.0,25999.0
1502,1602.0,4500.0
1503,9981.0,11500.0
1504,6082.0,2850.0
1505,26033.0,20711.25
1506,5546.0,5500.0
1507,14948.0,2500.0
1508,7465.0,7300.0
1509,21590.0,20500.0
1510,25801.0,23800.0
1511,2374.0,2750.0
1512,20352.0,17500.0
1513,37217.0,44000.0
1514,20888.0,20900.0
1515,12127.0,8500.0
1516,10161.0,10500.0
1517,15454.0,14700.0
1518,7523.0,12800.0
1519,15832.0,14300.0
1520,5642.0,2999.0
1521,10740.0,11100.0
1522,29550.0,30900.0
1523,9477.0,8200.0
1524,7485.0,7650.0
1525,10156.0,10950.0
1526,30430.0,37800.0
1527,6573.0,3400.0
1528,848.0,1550.0
1529,28281.0,23800.0
1530,11135.0,9950.0
1531,24004.0,21500.0
1532,4396.0,800.0
1533,4412.0,3500.0
1534,16731.0,14700.0
1535,14913.0,16999.0
1536,15549.0,18100.0
1537,5331.0,7150.0
1538,11474.0,12999.0
1539,5088.0,6900.0
1540,22415.0,11499.0
1541,9611.0,10000.0
1542,23645.0,24996.0
1543,8535.0,7900.0
1544,2527.0,2222.0
1545,29088.0,20500.0
1546,11683.0,10999.0
1547,8226.0,8700.0
1548,14289.0,11999.0
1549,6054.0,8888.0
1550,8611.0,6299.0
1551,15710.0,13500.0
1552,22271.0,19500.0
1553,10520.0,8600.0
1554,46123.0,41900.0
1555,11516.0,9750.0
1556,7692.0,1150.0
1557,26236.0,25800.0
1558,20346.0,23000.0
1559,4880.0,6900.0
1560,17286.0,20007.0
1561,11165.0,12500.0
1562,18229.0,16999.0
1563,11011.0,8400.0
1564,8614.0,6450.0
1565,8575.0,7700.0
1566,11688.0,12500.0
1567,13236.0,10500.0
1568,11278.0,13000.0
1569,5174.0,6300.0
1570,6920.0,4700.0
1571,11298.0,8260.0
1572,15303.0,18800.0
1573,37491.0,32000.0
1574,6929.0,8400.0
1575,10163.0,12500.0
1576,18226.0,17999.0
1577,12798.0,9800.0
1578,11936.0,12700.0
1579,21121.0,18700.0
1580,6050.0,7499.0
1581,-4203.0,2850.0
1582,26580.0,28500.0
1583,21639.0,18777.0
1584,15337.0,17800.0
1585,5424.0,4200.0
1586,1209.0,4400.0
1587,8173.0,8900.0
1588,26440.0,30500.0
1589,17807.0,17200.0
1590,13224.0,17500.0
1591,7675.0,8700.0
1592,7451.0,8500.0
1593,24163.0,17191.2
1594,3638.0,4999.0
1595,27474.0,25000.0
1596,2457.0,2300.0
1597,16179.0,16900.0
1598,25436.0,27500.0
1599,3810.0,2500.0
1600,8675.0,7500.0
1601,2266.0,2150.0
1602,2815.0,4500.0
1603,24262.0,27500.0
1604,3262.0,6900.0
1605,28671.0,28900.0
1606,25132.0,14500.0
1607,13256.0,15200.0
1608,21565.0,27800.0
1609,16414.0,22000.0
1610,8954.0,8500.0
1611,5327.0,3900.0
1612,15381.0,15200.0
1613,11489.0,11700.0
1614,22846.0,22500.0
1615,16644.0,14750.0
1616,7086.0,8900.0
1617,24504.0,25999.0
1618,11000.0,10800.0
1619,4241.0,5900.0
1620,5036.0,6200.0
1621,27027.0,34899.14
1622,12011.0,12600.0
1623,6354.0,2900.0
1624,14079.0,10600.0
1625,5492.0,8000.0
1626,18097.0,16500.0
1627,35512.0,43500.0
1628,19392.0,12700.0
1629,8515.0,9700.0
1630,28102.0,29500.0
1631,7385.0,5600.0
1632,27406.0,28500.0
1633,4098.0,3500.0
1634,6220.0,8100.0
1635,3625.0,3600.0
1636,8345.0,2800.0
1637,10311.0,13200.0
1638,18499.0,17835.0
1639,17600.0,9600.0
1640,7221.0,10000.0
1641,14350.0,13100.0
1642,33471.0,27400.0
1643,23427.0,21900.0
1644,20379.0,20300.0
1645,9506.0,8300.0
1646,3046.0,2999.0
1647,24122.0,8400.0
1648,2951.0,2600.0
1649,8544.0,10500.0
1650,2486.0,2650.0
1651,6119.0,6300.0
1652,36949.0,35900.0
1653,27959.0,27900.0
1654,16184.0,19000.0
1655,10494.0,12350.0
1656,384.0,1700.0
1657,7013.0,9100.0
1658,12153.0,11200.0
1659,7014.0,5000.0
1660,15726.0,14700.0
1661,2505.0,3500.0
1662,13349.0,12000.0
1663,25664.0,22000.0
1664,8553.0,8300.0
1665,19950.0,16030.0
1666,16363.0,14900.0
1667,20009.0,17900.0
1668,19617.0,21900.0
1669,30247.0,27900.0
1670,18251.0,9500.0
1671,5139.0,6700.0
1672,19362.0,12700.0
1673,3086.0,2900.0
1674,5592.0,6500.0
1675,3843.0,4200.0
1676,8194.0,10700.0
1677,23690.0,23400.0
1678,20514.0,22900.0
1679,7721.0,8700.0
1680,19107.0,17200.0
1681,8466.0,9000.0
1682,6865.0,8300.0
1683,23903.0,20900.0
1684,7659.0,6500.0
1685,10972.0,13500.0
1686,7107.0,9950.0
1687,14818.0,15000.0
1688,29232.0,28900.0
1689,16426.0,23500.0
1690,4870.0,2400.0
1691,14852.0,18500.0
1692,13034.0,14900.0
1693,5966.0,7100.0
1694,15675.0,16500.0
1695,25246.0,25500.0
1696,9036.0,8900.0
1697,19056.0,15900.0
1698,10138.0,8000.0
1699,25736.0,34900.0
1700,19845.0,21700.0
1701,33080.0,42000.0
1702,3026.0,3500.0
1703,21283.0,17900.0
1704,21700.0,23200.0
1705,2397.0,2600.0
1706,40493.0,45000.0
1707,32385.0,34000.0
1708,16169.0,14800.0
1709,22490.0,18100.0
1710,20033.0,18400.0
1711,19279.0,18900.0
1712,35177.0,40500.0
1713,3253.0,4000.0
1714,12391.0,11400.0
1715,13650.0,11999.0
1716,3651.0,4999.0
1717,23253.0,23700.0
1718,26413.0,24999.0
1719,23096.0,24700.0
1720,31338.0,35138.29
1721,3148.0,2500.0
1722,22968.0,21900.0
1723,13413.0,13300.0
1724,5449.0,4700.0
1725,3237.0,2500.0
1726,19665.0,19800.0
1727,5892.0,2200.0
1728,3000.0,3000.0
1729,7969.0,10700.0
1730,1080.0,2666.0
1731,4270.0,4900.0
1732,22082.0,22000.0
1733,5455.0,5500.0
1734,1763.0,2500.0
1735,16087.0,13900.0
1736,8812.0,10900.0
1737,2403.0,5800.0
1738,19480.0,24800.0
1739,8181.0,5500.0
1740,13819.0,7200.0
1741,1193.0,3900.0
1742,9614.0,11800.0
1743,8481.0,8950.0
1744,9280.0,15000.0
1745,21355.0,25800.0
1746,24765.0,26000.0
1747,9977.0,10600.0
1748,29431.0,28713.75
1749,2080.0,3100.0
1750,9621.0,7300.0
1751,10292.0,9800.0
1752,8779.0,6600.0
1753,8985.0,11200.0
1754,24171.0,27500.0
1755,12579.0,13500.0
1756,9902.0,9500.0
1757,14086.0,14474.0
1758,9190.0,2200.0
1759,4124.0,4350.0
1760,14497.0,15000.0
1761,1659.0,2900.0
1762,4096.0,5750.0
1763,2553.0,4800.0
1764,24163.0,12114.35
1765,26007.0,17500.0
1766,10543.0,11800.0
1767,6720.0,7400.0
1768,12708.0,13500.0
1769,30728.0,37200.0
1770,8459.0,9800.0
1771,10425.0,10500.0
1772,21682.0,19999.0
1773,7282.0,8200.0
1774,4557.0,5800.0
1775,19317.0,21000.0
1776,7773.0,10300.0
1777,9975.0,10200.0
1778,9044.0,9200.0
1779,10275.0,7400.0
1780,8284.0,7777.0
1781,9137.0,8100.0
1782,5377.0,1296.75
1783,3185.0,1200.0
1784,3007.0,3000.0
1785,2915.0,3200.0
1786,18629.0,29500.0
1787,7392.0,7800.0
1788,25069.0,28500.0
1789,1798.0,2650.0
1790,5777.0,6950.0
1791,12301.0,9350.0
1792,4561.0,3700.0
1793,26296.0,26800.0
1794,6462.0,5650.0
1795,3236.0,3650.0
1796,27666.0,34000.0
1797,5585.0,3600.0
1798,14247.0,14200.0
1799,2686.0,4850.0
1800,8590.0,6799.0
1801,8532.0,4700.0
1802,2855.0,5600.0
1803,14287.0,11500.0
1804,4102.0,1599.0
1805,6807.0,6400.0
1806,12813.0,11450.0
1807,9700.0,16500.0
1808,29640.0,21300.0
1809,6994.0,11500.0
1810,40115.0,42900.0
1811,11970.0,11299.0
1812,3906.0,4500.0
1813,9072.0,6699.0
1814,26295.0,22700.0
1815,7701.0,6600.0
1816,23411.0,27000.0
1817,6278.0,5500.0
1818,12290.0,8999.0
1819,5569.0,7999.0
1820,7059.0,3000.0
1821,20414.0,28793.04
1822,5174.0,7500.0
1823,26495.0,21300.0
1824,22042.0,16400.0
1825,9919.0,15500.0
1826,12845.0,13900.0
1827,521.0,4500.0
1828,24974.0,24000.0
1829,8590.0,6900.0
1830,9762.0,6999.0
1831,22927.0,17900.0
1832,7945.0,7300.0
1833,14844.0,12900.0
1834,18141.0,15500.0
1835,9690.0,6500.0
1836,8101.0,10800.0
1837,17917.0,14900.0
1838,11394.0,11700.0
1839,28873.0,32900.0
1840,3071.0,4200.0
1841,14303.0,12000.0
1842,11979.0,8600.0
1843,20948.0,21700.0
1844,5226.0,6500.0
1845,7694.0,9750.0
1846,7717.0,5950.0
1847,9640.0,8999.0
1848,27403.0,31500.0
1849,2446.0,2899.0
1850,11750.0,10600.0
1851,17391.0,15300.0
1852,13962.0,10100.0
1853,3451.0,2499.0
1854,33995.0,37900.0
1855,4815.0,3800.0
1856,4867.0,6900.0
1857,28603.0,25999.0
1858,2927.0,600.0
1859,2723.0,2500.0
1860,7553.0,6800.0
1861,22091.0,23000.0
1862,4405.0,6750.0
1863,31308.0,23500.0
1864,7441.0,8899.0
1865,5357.0,6100.0
1866,12672.0,12900.0
1867,11414.0,10200.0
1868,33026.0,34900.0
1869,6846.0,5800.0
1870,18819.0,18000.0
1871,11267.0,8150.0
1872,25824.0,29800.0
1873,11283.0,10900.0
1874,16056.0,23000.0
1875,8371.0,14500.0
1876,6248.0,4000.0
1877,8175.0,6500.0
1878,2500.0,4500.0
1879,10161.0,10500.0
1880,10282.0,6999.0
1881,11409.0,9600.0
1882,3216.0,2900.0
1883,18996.0,16800.0
1884,3240.0,2499.0
1885,15177.0,11999.0
1886,25820.0,22900.0
1887,21697.0,21999.0
1888,24741.0,28500.0
1889,11131.0,11000.0
1890,12685.0,10700.0
1891,15286.0,11800.0
1892,12090.0,9800.0
1893,26501.0,27000.0
1894,15796.0,14900.0
1895,16594.0,15250.0
1896,18150.0,16200.0
1897,16897.0,12999.0
1898,15490.0,11750.0
1899,5690.0,3700.0
1900,38053.0,42000.0
1901,9244.0,9500.0
1902,7296.0,8900.0
1903,4617.0,5100.0
1904,18914.0,13500.0
1905,3952.0,5950.0
1906,2688.0,5000.0
1907,8590.0,6750.0
1908,26487.0,29900.0
1909,17208.0,17800.0
1910,22178.0,23000.0
1911,5324.0,6399.0
1912,6006.0,7500.0
1913,9268.0,9600.0
1914,9470.0,9900.0
1915,4278.0,4350.0
1916,21009.0,18300.0
1917,7690.0,3600.0
1918,2693.0,2150.0
1919,6649.0,9500.0
1920,23667.0,17990.0
1921,11206.0,12300.0
1922,2778.0,6900.0
1923,10654.0,6999.0
1924,5792.0,8900.0
1925,17951.0,17800.0
1926,21896.0,14900.0
1927,6339.0,5000.0
1928,1955.0,2900.0
1929,6994.0,6500.0
1930,11282.0,10200.0
1931,23038.0,22900.0
1932,9135.0,9999.0
1933,1951.0,1900.0
1934,5537.0,5800.0
1935,26412.0,32000.0
1936,13812.0,13500.0
1937,4247.0,3700.0
1938,2821.0,8500.0
1939,28036.0,25900.0
1940,10609.0,9999.0
1941,4454.0,5800.0
1942,21135.0,17999.0
1943,11484.0,9200.0
1944,6114.0,7100.0
1945,8369.0,8100.0
1946,15901.0,13200.0
1947,2961.0,4850.0
1948,17298.0,14700.0
1949,4973.0,6900.0
1950,1332.0,4550.0
1951,27566.0,27000.0
1952,5457.0,5700.0
1953,2969.0,2900.0
1954,3704.0,3500.0
1955,10681.0,11000.0
1956,13274.0,12500.0
1957,3368.0,3150.0
1958,2253.0,2550.0
1959,13526.0,14700.0
1960,2765.0,2500.0
1961,2507.0,4800.0
1962,21532.0,17500.0
1963,12582.0,11700.0
1964,3961.0,5400.0
1965,4065.0,5400.0
1966,8003.0,9000.0
1967,14808.0,14500.0
1968,18412.0,19700.0
1969,18538.0,13500.0
1970,2283.0,1350.0
1971,29166.0,41500.0
1972,4399.0,7990.0
1973,6379.0,7550.0
1974,16226.0,18000.0
1975,10186.0,7000.0
1976,22454.0,22100.0
1977,38086.0,39999.0
1978,17982.0,13621.43
1979,5472.0,6800.0
1980,19853.0,22000.0
1981,7963.0,10900.0
1982,26826.0,29500.0
1983,7415.0,6300.0
1984,8363.0,9900.0
1985,27341.0,30500.0
1986,10569.0,8250.0
1987,8935.0,9000.0
1988,24388.0,24500.0
1989,11309.0,9250.0
1990,2139.0,3100.0
1991,12693.0,9200.0
1992,31341.0,28500.0
1993,27386.0,29900.0
1994,13911.0,9900.0
1995,14514.0,13600.0
1996,24013.0,29900.0
1997,9976.0,9000.0
1998,28035.0,35500.0
1999,15020.0,12650.0
2000,16095.0,18000.0
2001,16281.0,13000.0
2002,7794.0,2200.0
2003,5466.0,3300.0
2004,4507.0,4300.0
2005,21577.0,20700.0
2006,20794.0,40000.0
2007,26494.0,31500.0
2008,18337.0,16900.0
2009,8598.0,10500.0
2010,20860.0,31310.0
2011,11939.0,10800.0
2012,38445.0,39900.0
2013,15598.0,9003.15
2014,8458.0,7450.0
2015,3857.0,2499.0
2016,24093.0,25900.0
2017,16134.0,23300.0
2018,5717.0,7500.0
2019,5795.0,4900.0
2020,36770.0,44999.0
2021,21949.0,22000.0
2022,10325.0,13500.0
2023,7094.0,7950.0
2024,28716.0,40000.0
2025,28730.0,32500.0
2026,4033.0,6300.0
2027,6935.0,4600.0
2028,5651.0,7400.0
2029,1782.0,2500.0
2030,6670.0,6700.0
2031,12141.0,17777.0
2032,30183.0,28600.0
2033,6102.0,8800.0
2034,28630.0,33500.0
2035,1368.0,3500.0
2036,16444.0,13499.0
2037,5058.0,2900.0
2038,15030.0,14200.0
2039,18110.0,21000.0
2040,27589.0,28700.0
2041,27264.0,38500.0
2042,7029.0,5800.0
2043,10770.0,10900.0
2044,8093.0,6999.0
2045,3243.0,4000.0
2046,18796.0,13900.0
2047,26609.0,28900.0
2048,25954.0,26500.0
2049,2019.0,3800.0
2050,2098.0,2600.0
2051,20634.0,11818.95
2052,8583.0,12000.0
2053,8518.0,8500.0
2054,32297.0,26500.0
2055,20414.0,28660.0
2056,3701.0,3500.0
2057,14289.0,15250.0
2058,11013.0,9800.0
2059,4577.0,7450.0
2060,14073.0,9000.0
2061,14892.0,13999.0
2062,12747.0,12700.0
2063,8674.0,9000.0
2064,4316.0,4400.0
2065,15337.0,17800.0
2066,8356.0,7700.0
2067,11564.0,11000.0
2068,1209.0,2600.0
2069,7009.0,9000.0
2070,32924.0,36900.0
2071,2718.0,3500.0
2072,18144.0,11700.0
2073,13607.0,11800.0
2074,-365.0,1990.0
2075,12131.0,12750.0
2076,10154.0,11950.0
2077,26750.0,25500.0
2078,10015.0,11800.0
2079,1476.0,2300.0
2080,17523.0,13999.0
2081,14825.0,16700.0
2082,9251.0,9500.0
2083,4396.0,5000.0
2084,6739.0,6000.0
2085,26643.0,27300.0
2086,27800.0,25900.0
2087,1079.0,1900.0
2088,31679.0,42000.0
2089,7493.0,6300.0
2090,21608.0,19999.0
2091,3394.0,3150.0
2092,5461.0,4700.0
2093,16655.0,22000.0
2094,4570.0,5500.0
2095,5764.0,2500.0
2096,16510.0,17500.0
2097,5587.0,9500.0
2098,3294.0,3850.0
2099,18458.0,14500.0
2100,19028.0,13333.0
2101,22243.0,19600.0
2102,18750.0,12800.0
2103,2817.0,3250.0
2104,15830.0,17200.0
2105,11588.0,11900.0
2106,31321.0,20859.15
2107,6108.0,4000.0
2108,6242.0,3500.0
2109,3472.0,2199.0
2110,12174.0,14000.0
2111,8340.0,11990.0
2112,14720.0,15800.0
2113,5618.0,1185.6
2114,9662.0,9500.0
2115,2792.0,1300.0
2116,4307.0,7500.0
2117,3179.0,2900.0
2118,13489.0,12750.0
2119,7468.0,6700.0
2120,24432.0,25999.0
2121,3937.0,4950.0
2122,4767.0,5800.0
2123,7385.0,5900.0
2124,24479.0,14000.0
2125,24171.0,29000.0
2126,32988.0,25700.0
2127,11352.0,12000.0
2128,24385.0,18500.0
2129,9806.0,9500.0
2130,6380.0,8900.0
2131,16110.0,12800.0
2132,6995.0,7700.0
2133,17201.0,14990.0
2134,1054.0,2200.0
2135,25325.0,30900.0
2136,4872.0,3100.0
2137,27448.0,33500.0
2138,10703.0,9800.0
2139,7755.0,7000.0
2140,27475.0,33333.0
2141,36269.0,34900.0
2142,6046.0,3250.0
2143,4056.0,4900.0
2144,23612.0,14300.0
2145,30816.0,30500.0
2146,15904.0,15000.0
2147,12123.0,10600.0
2148,2717.0,3900.0
2149,11799.0,13300.0
2150,5386.0,7299.0
2151,10365.0,6000.0
2152,9871.0,8200.0
2153,13236.0,8950.0
2154,7290.0,9999.0
2155,5743.0,7750.0
2156,29603.0,24500.0
2157,27250.0,25250.0
2158,12286.0,12800.0
2159,22125.0,35900.0
2160,21276.0,16999.0
2161,1903.0,3500.0
2162,2599.0,6250.0
2163,24163.0,13972.07
2164,34586.0,33715.5
2165,14551.0,12000.0
2166,5915.0,5500.0
2167,13754.0,12700.0
2168,27829.0,36000.0
2169,11278.0,13999.0
2170,1650.0,2700.0
2171,16660.0,12400.0
2172,28252.0,39500.0
2173,6994.0,7200.0
2174,27435.0,28000.0
2175,28332.0,30900.0
2176,23609.0,18500.0
2177,20562.0,21000.0
2178,19897.0,21500.0
2179,6373.0,7500.0
2180,18141.0,28000.0
2181,15900.0,13000.0
2182,3735.0,5300.0
2183,31729.0,35999.0
2184,4724.0,1200.0
2185,14494.0,16000.0
2186,18756.0,17100.0
2187,3575.0,5400.0
2188,31701.0,34500.0
2189,19933.0,25500.0
2190,4326.0,3200.0
2191,6615.0,8800.0
2192,8733.0,6650.0
2193,7406.0,8900.0
2194,25462.0,25500.0
2195,6256.0,5900.0
2196,1984.0,2550.0
2197,8638.0,6750.0
2198,8406.0,7700.0
2199,6223.0,7000.0
2200,9790.0,11499.0
2201,2738.0,1450.0
2202,31044.0,39615.0
2203,24091.0,24000.0
2204,7945.0,9400.0
2205,7343.0,8300.0
2206,22318.0,18600.0
2207,20822.0,29040.0
2208,14409.0,13500.0
2209,2043.0,3500.0
2210,2461.0,1400.0
2211,26744.0,27500.0
2212,1979.0,2900.0
2213,8576.0,8000.0
2214,3935.0,4700.0
2215,13911.0,10100.0
2216,4180.0,4200.0
2217,5246.0,5700.0
2218,17950.0,18500.0
2219,19162.0,17900.0
2220,7555.0,7200.0
2221,7317.0,10500.0
2222,16858.0,17999.0
2223,8137.0,8900.0
2224,9603.0,8500.0
2225,1490.0,3800.0
2226,2835.0,4400.0
2227,4271.0,3600.0
2228,11567.0,11300.0
2229,4750.0,8500.0
2230,26599.0,16800.0
2231,6744.0,6900.0
2232,17600.0,14250.0
2233,4119.0,3900.0
2234,21367.0,23999.0
2235,20437.0,28500.0
2236,10937.0,9500.0
2237,6706.0,7700.0
2238,13459.0,15880.0
2239,6325.0,6900.0
2240,12114.0,8300.0
2241,5053.0,1700.0
2242,12930.0,15000.0
2243,21718.0,18500.0
2244,6270.0,8200.0
2245,5245.0,6500.0
2246,22062.0,29999.0
2247,11447.0,9000.0
2248,22444.0,20000.0
2249,22377.0,11962.0
2250,13741.0,21900.0
2251,28305.0,28700.0
2252,22630.0,21700.0
2253,12674.0,13000.0
2254,3399.0,5300.0
2255,9650.0,9000.0
2256,16294.0,23500.0
2257,9225.0,8900.0
2258,7214.0,7300.0
2259,20494.0,20400.0
2260,6654.0,9800.0
2261,5892.0,3100.0
2262,18508.0,20800.0
2263,34569.0,33500.0
2264,13190.0,12500.0
2265,4410.0,2800.0
2266,14822.0,14100.0
2267,5013.0,4900.0
2268,29767.0,28950.0
2269,11974.0,9500.0
2270,3665.0,6999.0
2271,6261.0,2999.0
2272,26534.0,23300.0
2273,10899.0,12900.0
2274,1646.0,2099.0
2275,27049.0,39500.0
2276,15139.0,19999.0
2277,686.0,2100.0
2278,8487.0,10200.0
2279,3174.0,3650.0
2280,6796.0,8500.0
2281,21980.0,21000.0
2282,13909.0,11400.0
2283,24136.0,21000.0
2284,2922.0,3200.0
2285,15958.0,12500.0
2286,3660.0,5400.0
2287,6658.0,8200.0
2288,15986.0,12700.0
2289,15059.0,13999.0
2290,7048.0,7500.0
2291,4482.0,2411.0
2292,15934.0,16950.0
2293,23540.0,25500.0
2294,12839.0,13200.0
2295,17398.0,17999.0
2296,10152.0,11500.0
2297,21683.0,15900.0
2298,10747.0,7750.0
2299,21702.0,29500.0
2300,4220.0,4500.0
2301,4727.0,4000.0
2302,4732.0,6200.0
2303,11130.0,14000.0
2304,3040.0,4300.0
2305,31724.0,35900.0
2306,10447.0,9300.0
2307,32309.0,31111.0
2308,13594.0,8910.53
2309,18643.0,13800.0
2310,15517.0,18900.0
2311,31378.0,29900.0
2312,6471.0,5700.0
2313,10153.0,9100.0
2314,25488.0,30385.0
2315,33031.0,44700.0
2316,694.0,4100.0
2317,27335.0,43999.0
2318,22657.0,23500.0
2319,15624.0,8000.0
2320,1935.0,1950.0
2321,26860.0,22000.0
2322,33081.0,42000.0
2323,2110.0,2800.0
2324,3964.0,1900.0
2325,11263.0,10100.0
2326,21847.0,11700.0
2327,11343.0,11100.0
2328,15098.0,9600.0
2329,9485.0,8500.0
2330,28829.0,32400.0
2331,12541.0,10500.0
2332,4742.0,4900.0
2333,16847.0,16000.0
2334,19359.0,33700.0
2335,13688.0,12750.0
2336,3998.0,4750.0
2337,16879.0,16500.0
2338,9241.0,9900.0
2339,17722.0,15500.0
2340,4168.0,6400.0
2341,12466.0,10000.0
2342,7803.0,2500.0
2343,9100.0,8200.0
2344,-508.0,6100.0
2345,5854.0,9999.0
2346,6420.0,6700.0
2347,9517.0,9500.0
2348,22419.0,22700.0
2349,13002.0,13300.0
2350,31293.0,44000.0
2351,7052.0,3200.0
2352,13485.0,20000.0
2353,5874.0,4300.0
2354,29720.0,24999.0
2355,26818.0,25000.0
2356,7910.0,8000.0
2357,3109.0,2350.0
2358,16367.0,18800.0
2359,10843.0,9750.0
2360,10619.0,11700.0
2361,19360.0,22400.0
2362,11180.0,9700.0
2363,14437.0,12900.0
2364,6073.0,7500.0
2365,16252.0,19000.0
2366,13575.0,12850.0
2367,9700.0,13500.0
2368,2666.0,2600.0
2369,11233.0,12200.0
2370,27826.0,30500.0
2371,4074.0,3800.0
2372,9569.0,7999.0
2373,38086.0,39999.0
2374,20360.0,18300.0
2375,23237.0,24999.0
2376,18570.0,23500.0
2377,16855.0,13500.0
2378,17889.0,14900.0
2379,14317.0,15900.0
2380,208.0,1500.0
2381,11561.0,11500.0
2382,14963.0,14500.0
2383,9410.0,8500.0
2384,2212.0,3000.0
2385,7436.0,8400.0
2386,20728.0,19000.0
2387,11507.0,13200.0
2388,36563.0,45000.0
2389,12141.0,17777.0
2390,19085.0,21200.0
2391,28332.0,32300.0
2392,32146.0,36900.0
2393,22138.0,20800.0
2394,9438.0,8650.0
2395,8651.0,8600.0
2396,21617.0,17300.0
2397,6943.0,6500.0
2398,8187.0,8400.0
2399,20949.0,22500.0
2400,5641.0,8300.0
2401,1870.0,3100.0
2402,11494.0,9700.0
2403,16824.0,18200.0
2404,32948.0,36100.0
2405,8972.0,12700.0
2406,15955.0,8900.0
2407,6300.0,7500.0
2408,15848.0,34999.0
2409,7240.0,9800.0
2410,15748.0,19995.0
2411,11001.0,10999.0
2412,5257.0,2600.0
2413,16506.0,13500.0
2414,5102.0,8000.0
2415,2166.0,5500.0
2416,6993.0,8700.0
2417,20903.0,19692.08
2418,7747.0,4999.0
2419,8082.0,10000.0
2420,15482.0,15900.0
2421,14617.0,12500.0
2422,2536.0,3999.0
2423,18735.0,15635.1
2424,17615.0,17300.0
2425,18306.0,15000.0
2426,15236.0,13200.0
2427,1351.0,1900.0
2428,16125.0,11500.0
2429,3183.0,2499.0
2430,27475.0,33333.0
2431,20632.0,18700.0
2432,13524.0,8999.0
2433,28022.0,32000.0
2434,10322.0,11000.0
2435,21577.0,18900.0
2436,14581.0,10600.0
2437,2652.0,1900.0
2438,27623.0,29500.0
2439,18496.0,14800.0
2440,30730.0,33000.0
2441,6988.0,9700.0
2442,8592.0,10200.0
2443,2082.0,1850.0
2444,15777.0,17499.0
2445,5198.0,5600.0
2446,8142.0,9299.0
2447,26802.0,31000.0
2448,13164.0,13600.0
2449,5360.0,2650.0
2450,7200.0,10500.0
2451,19080.0,19999.0
2452,6366.0,7700.0
2453,29388.0,37000.0
2454,7665.0,9150.0
2455,2104.0,2450.0
2456,2402.0,4500.0
2457,13413.0,12700.0
2458,8558.0,7200.0
2459,9108.0,6700.0
2460,8689.0,10900.0
2461,27721.0,29999.0
2462,8754.0,8900.0
2463,24778.0,26500.0
2464,3789.0,2800.0
2465,7952.0,7500.0
2466,2084.0,2200.0
2467,8774.0,8800.0
2468,9899.0,10500.0
2469,36533.0,41000.0
2470,20494.0,20400.0
2471,8455.0,8400.0
2472,15679.0,10600.0
2473,2933.0,4700.0
2474,12903.0,11999.0
2475,5569.0,8100.0
2476,17506.0,18800.0
2477,17389.0,10650.0
2478,21739.0,22800.0
2479,9767.0,11700.0
2480,24574.0,22500.0
2481,11481.0,9300.0
2482,10053.0,11800.0
2483,26690.0,32000.0
2484,16583.0,14850.0
2485,2520.0,2799.0
2486,29295.0,25000.0
2487,7310.0,7699.0
2488,16155.0,11500.0
2489,24513.0,19800.0
2490,7764.0,6200.0
2491,8058.0,8999.0
2492,5406.0,6700.0
2493,5872.0,3000.0
2494,8957.0,9300.0
2495,5258.0,3100.0
2496,11602.0,8300.0
2497,7711.0,7000.0
2498,10409.0,10500.0
2499,17864.0,19300.0
2500,13076.0,12600.0
2501,7955.0,9200.0
2502,29431.0,29800.0
2503,16232.0,17650.0
2504,15982.0,13300.0
2505,14845.0,16200.0
2506,6647.0,6100.0
2507,26580.0,18500.0
2508,11315.0,11700.0
2509,10169.0,6500.0
2510,8330.0,7200.0
2511,17018.0,17500.0
2512,4671.0,7500.0
2513,9519.0,10300.0
2514,15056.0,12500.0
2515,4254.0,2500.0
2516,6392.0,5300.0
2517,5020.0,8700.0
2518,15157.0,12700.0
2519,1375.0,3100.0
2520,16817.0,16500.0
2521,18876.0,16500.0
2522,35628.0,34400.0
2523,16609.0,15500.0
2524,11156.0,11000.0
2525,16511.0,16000.0
2526,22259.0,21500.0
2527,14106.0,35900.0
2528,20903.0,18988.13
2529,10833.0,8599.0
2530,27305.0,33000.0
2531,4453.0,1450.0
2532,647.0,3350.0
2533,10378.0,12999.0
2534,6029.0,7500.0
2535,10597.0,9499.0
2536,27164.0,26900.0
2537,16624.0,16700.0
2538,3539.0,2300.0
2539,27899.0,38000.0
2540,2792.0,3950.0
2541,2569.0,1500.0
2542,6430.0,5500.0
2543,2738.0,6000.0
2544,5975.0,8100.0
2545,5359.0,6800.0
2546,2777.0,5300.0
2547,8646.0,11200.0
2548,14543.0,11000.0
2549,18348.0,16900.0
2550,16556.0,10500.0
2551,22318.0,16800.0
2552,11110.0,9800.0
2553,12973.0,10500.0
2554,4201.0,3500.0
2555,11174.0,9200.0
2556,12038.0,12700.0
2557,6361.0,8200.0
2558,25564.0,24700.0
2559,2576.0,5000.0
2560,13830.0,15300.0
2561,11901.0,8999.0
2562,8955.0,6900.0
2563,17990.0,17000.0
2564,30947.0,39000.0
2565,13256.0,13600.0
2566,7759.0,7450.0
2567,24347.0,24900.0
2568,2658.0,6500.0
2569,28672.0,25500.0
2570,2034.0,3300.0
2571,11064.0,11960.0
2572,5830.0,6200.0
2573,14733.0,13700.0
2574,10575.0,8899.0
2575,1547.0,3100.0
2576,15254.0,13000.0
2577,27875.0,22900.0
2578,1562.0,7000.0
2579,27000.0,24900.0
2580,5487.0,9600.0
2581,29781.0,42000.0
2582,28915.0,26000.0
2583,8582.0,8900.0
2584,26989.0,24500.0
2585,15617.0,10400.0
2586,24920.0,23200.0
2587,15719.0,11500.0
2588,9188.0,7700.0
2589,39663.0,44800.0
2590,33171.0,39900.0
2591,2939.0,4700.0
2592,4260.0,3149.25
2593,9754.0,9800.0
2594,21790.0,17900.0
2595,11440.0,10800.0
2596,6265.0,18800.0
2597,5853.0,7000.0
2598,29299.0,25500.0
2599,4011.0,2200.0
2600,3901.0,1180.0
2601,3656.0,5700.0
2602,3050.0,4800.0
2603,9647.0,9950.0
2604,7901.0,8700.0
2605,10269.0,10600.0
2606,8417.0,30500.0
2607,18034.0,11400.0
2608,4690.0,7800.0
2609,29689.0,27800.0
2610,5827.0,5500.0
2611,3652.0,3300.0
2612,2501.0,2200.0
2613,7049.0,7900.0
2614,27577.0,17200.0
2615,12803.0,13400.0
2616,5500.0,5999.0
2617,12062.0,12700.0
2618,20202.0,27000.0
2619,8058.0,6450.0
2620,31285.0,39900.0
2621,19579.0,18800.0
2622,29711.0,32000.0
2623,2174.0,2000.0
2624,7432.0,8800.0
2625,3762.0,2600.0
2626,4740.0,6650.0
2627,26461.0,21900.0
2628,5955.0,6499.0
2629,11818.0,13300.0
2630,28992.0,28787.85
2631,15995.0,12850.0
2632,2889.0,4800.0
2633,15777.0,15999.0
2634,13552.0,9000.0
2635,12082.0,10900.0
2636,19778.0,20800.0
2637,9726.0,8400.0
2638,20395.0,16800.0
2639,4271.0,7600.0
2640,6253.0,5999.0
2641,7123.0,7300.0
2642,3702.0,2200.0
2643,23575.0,21900.0
2644,7238.0,7500.0
2645,7671.0,9900.0
2646,26839.0,28999.0
2647,8658.0,6700.0
2648,27000.0,24300.0
2649,11402.0,11500.0
2650,9176.0,8500.0
2651,19366.0,14990.0
2652,2467.0,3400.0
2653,12337.0,14900.0
2654,7990.0,7900.0
2655,13500.0,12900.0
2656,6680.0,7200.0
2657,22347.0,10974.21
2658,32597.0,32000.0
2659,15597.0,14500.0
2660,15085.0,12900.0
2661,3547.0,2600.0
2662,8017.0,7700.0
2663,14533.0,13200.0
2664,10948.0,8750.0
2665,13893.0,12200.0
2666,16544.0,11400.0
2667,9786.0,7440.0
2668,24617.0,26900.0
2669,14787.0,14700.0
2670,10161.0,10500.0
2671,18592.0,20000.0
2672,16673.0,18200.0
2673,6197.0,7800.0
2674,23479.0,23900.0
2675,3157.0,6300.0
2676,8941.0,8999.0
2677,13442.0,11300.0
2678,18766.0,18900.0
2679,11629.0,8200.0
2680,2727.0,3300.0
2681,15319.0,19200.0
2682,17640.0,15500.0
2683,6772.0,5900.0
2684,40025.0,43999.0
2685,22710.0,22900.0
2686,20340.0,20500.0
2687,14638.0,12400.0
2688,2275.0,2200.0
2689,28035.0,23500.0
2690,41945.0,42700.0
2691,15547.0,13900.0
2692,11203.0,11800.0
2693,27164.0,38764.0
2694,14453.0,10200.0
2695,33613.0,39000.0
2696,2215.0,4300.0
2697,11466.0,12900.0
2698,33922.0,23900.0
2699,12591.0,12800.0
2700,24322.0,25500.0
2701,3913.0,3950.0
2702,5961.0,1899.0
2703,12822.0,13000.0
2704,15002.0,9300.0
2705,20903.0,20996.24
2706,31948.0,31000.0
2707,3022.0,6000.0
2708,8151.0,4800.0
2709,12466.0,10450.0
2710,10586.0,8300.0
2711,29943.0,37000.0
2712,1406.0,2900.0
2713,4575.0,5500.0
2714,6361.0,6200.0
2715,10711.0,11990.0
2716,10357.0,5200.0
2717,2673.0,2900.0
2718,12991.0,10200.0
2719,11460.0,11800.0
2720,18484.0,12999.0
2721,12809.0,11000.0
2722,16412.0,12500.0
2723,5601.0,1900.0
2724,19034.0,20350.0
2725,10106.0,7000.0
2726,15815.0,11750.0
2727,8296.0,8000.0
2728,1215.0,4100.0
2729,8269.0,7000.0
2730,22933.0,24000.0
2731,8676.0,12399.0
2732,8656.0,7000.0
2733,3791.0,6750.0
2734,13295.0,12800.0
2735,23241.0,21900.0
2736,11124.0,11800.0
2737,4298.0,6500.0
2738,1131.0,2600.0
2739,25063.0,22500.0
2740,2057.0,3700.0
2741,14752.0,13500.0
2742,13168.0,13250.0
2743,17317.0,14500.0
2744,31339.0,39800.0
2745,12290.0,9999.0
2746,9734.0,11000.0
2747,32903.0,33700.0
2748,-982.0,3900.0
2749,32018.0,33800.0
2750,20917.0,20500.0
2751,7730.0,6400.0
2752,5348.0,7300.0
2753,7374.0,7777.0
2754,1291.0,2800.0
2755,17770.0,11500.0
2756,14166.0,9900.0
2757,10750.0,9700.0
2758,16088.0,12900.0
2759,14651.0,17900.0
2760,2440.0,2300.0
2761,17265.0,12499.0
2762,11147.0,12900.0
2763,24163.0,16999.0
2764,10378.0,12999.0
2765,8693.0,6800.0
2766,9693.0,5000.0
2767,15099.0,12500.0
2768,2430.0,1850.0
2769,7569.0,2350.0
2770,2321.0,3399.0
2771,9996.0,11500.0
2772,18436.0,9599.0
2773,30794.0,33000.0
2774,4188.0,6300.0
2775,20753.0,20500.0
2776,6398.0,7600.0
2777,5140.0,7700.0
2778,2302.0,4000.0
2779,15130.0,9900.0
2780,33091.0,33900.0
2781,4425.0,5200.0
2782,1553.0,4800.0
2783,10604.0,8900.0
2784,12423.0,10900.0
2785,13237.0,12800.0
2786,14809.0,12500.0
2787,3751.0,2550.0
2788,11909.0,9500.0
2789,6759.0,7300.0
2790,10860.0,9999.0
2791,12614.0,12500.0
2792,20573.0,22900.0
2793,4037.0,600.0
2794,22117.0,21000.0
2795,9300.0,9500.0
2796,4098.0,5500.0
2797,3363.0,1650.0
2798,27037.0,23999.0
2799,12550.0,13500.0
2800,17031.0,18800.0
2801,27037.0,23999.0
2802,35633.0,37000.0
2803,3364.0,6400.0
2804,13216.0,17900.0
2805,12145.0,9200.0
2806,15995.0,12700.0
2807,30247.0,27800.0
2808,3841.0,4700.0
2809,12574.0,13600.0
2810,7836.0,8700.0
2811,8082.0,3300.0
2812,10882.0,4999.0
2813,766.0,2500.0
2814,10371.0,10700.0
2815,3734.0,3300.0
2816,11434.0,11500.0
2817,11298.0,9500.0
2818,2207.0,4000.0
2819,20449.0,18999.0
2820,37081.0,31990.0
2821,40903.0,41000.0
2822,24797.0,19990.0
2823,10551.0,10500.0
2824,5126.0,5400.0
2825,15071.0,14899.0
2826,32360.0,27200.0
2827,9426.0,10750.0
2828,8581.0,6400.0
2829,7276.0,7200.0
2830,37234.0,43500.0
2831,10745.0,11250.0
2832,1920.0,4200.0
2833,10207.0,9200.0
2834,9408.0,9700.0
2835,15337.0,17800.0
2836,5860.0,5200.0
2837,4344.0,7999.0
2838,14388.0,10700.0
2839,16196.0,11850.0
2840,22120.0,15000.0
2841,3401.0,3500.0
2842,5517.0,5000.0
2843,2802.0,4200.0
2844,14965.0,16800.0
2845,3752.0,3600.0
2846,28992.0,25749.75
2847,17885.0,11800.0
2848,5799.0,7300.0
2849,26964.0,21500.0
2850,2977.0,3200.0
2851,5221.0,2650.0
2852,5236.0,8999.0
2853,14103.0,15800.0
2854,7176.0,4500.0
2855,7337.0,8900.0
